batch_id,barcode,batch_number,quantity,retail_price,tp_price,cost_price,expiry_date
4586,4586,BATCH-4586,3,469.34,408.12,408.12,2027-12-31
4589,4589,BATCH-4589,1,570.95,496.48,496.48,2027-12-31
2926,2926,BATCH-2926,2,367.54,319.6,319.6,2027-12-31
3017,3017,BATCH-3017,1,521.49,453.47,453.47,2027-12-31
5029,5029,BATCH-5029,3,6.13,5.33,5.33,2027-12-31
5286,5286,BATCH-5286,10,92.0,80.0,80.0,2027-12-31
5010,5010,BATCH-5010,1,195.5,170.0,170.0,2027-12-31
5382,5382,BATCH-5382,3,345.0,300.0,300.0,2027-12-31
4433,4433,BATCH-4433,2,109.25,95.0,95.0,2027-12-31
4910,4910,BATCH-4910,2149,6.21,5.4,5.4,2027-12-31
3658,3658,BATCH-3658,50,39.1,34.0,34.0,2027-12-31
5028,5028,BATCH-5028,6,92.0,80.0,80.0,2027-12-31
4558,4558,BATCH-4558,7,152.15,132.3,132.3,2027-12-31
3667,3667,BATCH-3667,22,51.75,45.0,45.0,2027-12-31
5417,5417,BATCH-5417,152,109.25,95.0,95.0,2027-12-31
3926,3926,BATCH-3926,42,163.56,142.23,142.23,2027-12-31
3927,3927,BATCH-3927,33,255.53,222.2,222.2,2027-12-31
5374,5374,BATCH-5374,20,74.75,65.0,65.0,2027-12-31
6,6,BATCH-6,1,278.59,242.25,242.25,2027-12-31
503,503,BATCH-503,2,82.8,72.0,72.0,2027-12-31
5343,5343,BATCH-5343,34,74.75,65.0,65.0,2027-12-31
4456,4456,BATCH-4456,3,182.46,158.66,158.66,2027-12-31
5315,5315,BATCH-5315,4,109.25,95.0,95.0,2027-12-31
3464,3464,BATCH-3464,121,1.26,1.1,1.1,2027-12-31
3124,3124,BATCH-3124,2,255.02,221.76,221.76,2027-12-31
5261,5261,BATCH-5261,37,19.85,17.26,17.26,2027-12-31
3520,3520,BATCH-3520,133,6.09,5.3,5.3,2027-12-31
4021,4021,BATCH-4021,10,154.33,134.2,134.2,2027-12-31
4774,4774,BATCH-4774,18,126.5,110.0,110.0,2027-12-31
4435,4435,BATCH-4435,6,241.5,210.0,210.0,2027-12-31
3820,3820,BATCH-3820,130,5.75,5.0,5.0,2027-12-31
5063,5063,BATCH-5063,33,35.65,31.0,31.0,2027-12-31
5291,5291,BATCH-5291,10,19.55,17.0,17.0,2027-12-31
5278,5278,BATCH-5278,1,416.87,362.5,362.5,2027-12-31
3865,3865,BATCH-3865,14,46.0,40.0,40.0,2027-12-31
3515,3515,BATCH-3515,16,29.9,26.0,26.0,2027-12-31
3231,3231,BATCH-3231,58,132.25,115.0,115.0,2027-12-31
4366,4366,BATCH-4366,6,73.6,64.0,64.0,2027-12-31
775,775,BATCH-775,3,147.51,128.27,128.27,2027-12-31
4612,4612,BATCH-4612,1,87.54,76.12,76.12,2027-12-31
771,771,BATCH-771,2,87.54,76.12,76.12,2027-12-31
5415,5415,BATCH-5415,37,71.3,62.0,62.0,2027-12-31
4416,4416,BATCH-4416,1,4082.5,3550.0,3550.0,2027-12-31
745,745,BATCH-745,6,406.33,353.33,353.33,2027-12-31
2376,2376,BATCH-2376,12,145.15,126.22,126.22,2027-12-31
5305,5305,BATCH-5305,1,103.5,90.0,90.0,2027-12-31
5304,5304,BATCH-5304,1,98.9,86.0,86.0,2027-12-31
3007,3007,BATCH-3007,1,379.5,330.0,330.0,2027-12-31
4102,4102,BATCH-4102,4,86.25,75.0,75.0,2027-12-31
4426,4426,BATCH-4426,620,4.02,3.5,3.5,2027-12-31
3485,3485,BATCH-3485,13,163.3,142.0,142.0,2027-12-31
3484,3484,BATCH-3484,2,178.25,155.0,155.0,2027-12-31
5403,5403,BATCH-5403,50,23.0,20.0,20.0,2027-12-31
5200,5200,BATCH-5200,2,24.44,21.25,21.25,2027-12-31
5201,5201,BATCH-5201,15,29.7,25.83,25.83,2027-12-31
558,558,BATCH-558,1,322.0,280.0,280.0,2027-12-31
2502,2502,BATCH-2502,1,1782.5,1550.0,1550.0,2027-12-31
3015,3015,BATCH-3015,7,198.5,172.61,172.61,2027-12-31
3827,3827,BATCH-3827,12,93.95,81.7,81.7,2027-12-31
4380,4380,BATCH-4380,12,72.79,63.3,63.3,2027-12-31
4408,4408,BATCH-4408,1,2645.0,2300.0,2300.0,2027-12-31
5207,5207,BATCH-5207,60,54.05,47.0,47.0,2027-12-31
3555,3555,BATCH-3555,119,16.1,14.0,14.0,2027-12-31
5197,5197,BATCH-5197,1,2242.5,1950.0,1950.0,2027-12-31
4030,4030,BATCH-4030,30,30.19,26.25,26.25,2027-12-31
3026,3026,BATCH-3026,6,94.55,82.22,82.22,2027-12-31
3027,3027,BATCH-3027,1,334.26,290.66,290.66,2027-12-31
4029,4029,BATCH-4029,8,143.75,125.0,125.0,2027-12-31
4676,4676,BATCH-4676,1,253.0,220.0,220.0,2027-12-31
2888,2888,BATCH-2888,2,425.8,370.26,370.26,2027-12-31
5259,5259,BATCH-5259,4,182.7,158.87,158.87,2027-12-31
3043,3043,BATCH-3043,2,311.36,270.75,270.75,2027-12-31
2393,2393,BATCH-2393,1,540.41,469.92,469.92,2027-12-31
5211,5211,BATCH-5211,2,348.15,302.74,302.74,2027-12-31
3061,3061,BATCH-3061,3,488.75,425.0,425.0,2027-12-31
3088,3088,BATCH-3088,10,182.79,158.95,158.95,2027-12-31
5214,5214,BATCH-5214,1,13.8,12.0,12.0,2027-12-31
3339,3339,BATCH-3339,63,26.45,23.0,23.0,2027-12-31
3389,3389,BATCH-3389,117,103.5,90.0,90.0,2027-12-31
3452,3452,BATCH-3452,109,112.7,98.0,98.0,2027-12-31
4280,4280,BATCH-4280,9,63.25,55.0,55.0,2027-12-31
5307,5307,BATCH-5307,1,13.8,12.0,12.0,2027-12-31
5400,5400,BATCH-5400,3,103.5,90.0,90.0,2027-12-31
4724,4724,BATCH-4724,1,4025.0,3500.0,3500.0,2027-12-31
5231,5231,BATCH-5231,10,137.16,119.27,119.27,2027-12-31
5013,5013,BATCH-5013,23,114.44,99.51,99.51,2027-12-31
3924,3924,BATCH-3924,5,229.71,199.75,199.75,2027-12-31
1658,1658,BATCH-1658,3,40.25,35.0,35.0,2027-12-31
3089,3089,BATCH-3089,7,130.9,113.83,113.83,2027-12-31
3087,3087,BATCH-3087,10,174.64,151.86,151.86,2027-12-31
4912,4912,BATCH-4912,5,338.47,294.32,294.32,2027-12-31
3918,3918,BATCH-3918,2,183.95,159.96,159.96,2027-12-31
3919,3919,BATCH-3919,6,337.44,293.43,293.43,2027-12-31
5185,5185,BATCH-5185,8,40.25,35.0,35.0,2027-12-31
3659,3659,BATCH-3659,36,10.12,8.8,8.8,2027-12-31
3489,3489,BATCH-3489,5,161.0,140.0,140.0,2027-12-31
2313,2313,BATCH-2313,1,63.25,55.0,55.0,2027-12-31
790,790,BATCH-790,11,130.85,113.78,113.78,2027-12-31
446,446,BATCH-446,2,115.0,100.0,100.0,2027-12-31
2822,2822,BATCH-2822,334,13.8,12.0,12.0,2027-12-31
2732,2732,BATCH-2732,2,92.0,80.0,80.0,2027-12-31
3006,3006,BATCH-3006,2,80.5,70.0,70.0,2027-12-31
664,664,BATCH-664,12,69.0,60.0,60.0,2027-12-31
2760,2760,BATCH-2760,11,13.8,12.0,12.0,2027-12-31
5376,5376,BATCH-5376,4,461.38,401.2,401.2,2027-12-31
5235,5235,BATCH-5235,55,46.0,40.0,40.0,2027-12-31
2679,2679,BATCH-2679,2,229.91,199.92,199.92,2027-12-31
3955,3955,BATCH-3955,5,139.3,121.13,121.13,2027-12-31
5176,5176,BATCH-5176,3,172.5,150.0,150.0,2027-12-31
5225,5225,BATCH-5225,4,86.25,75.0,75.0,2027-12-31
3823,3823,BATCH-3823,13,89.01,77.4,77.4,2027-12-31
3102,3102,BATCH-3102,78,21.85,19.0,19.0,2027-12-31
1768,1768,BATCH-1768,1,436.62,379.67,379.67,2027-12-31
5024,5024,BATCH-5024,1,627.14,545.34,545.34,2027-12-31
4786,4786,BATCH-4786,3,218.5,190.0,190.0,2027-12-31
5026,5026,BATCH-5026,2,8625.0,7500.0,7500.0,2027-12-31
5120,5120,BATCH-5120,1,172.5,150.0,150.0,2027-12-31
4675,4675,BATCH-4675,20,43.7,38.0,38.0,2027-12-31
2378,2378,BATCH-2378,11,96.47,83.89,83.89,2027-12-31
2897,2897,BATCH-2897,12,105.8,92.0,92.0,2027-12-31
2436,2436,BATCH-2436,25,99.47,86.5,86.5,2027-12-31
4901,4901,BATCH-4901,3,61.2,53.22,53.22,2027-12-31
2950,2950,BATCH-2950,350,5.75,5.0,5.0,2027-12-31
2877,2877,BATCH-2877,1,1243.49,1081.3,1081.3,2027-12-31
4864,4864,BATCH-4864,2,80.5,70.0,70.0,2027-12-31
4834,4834,BATCH-4834,4,3277.5,2850.0,2850.0,2027-12-31
638,638,BATCH-638,6,73.51,63.92,63.92,2027-12-31
4263,4263,BATCH-4263,1,207.0,180.0,180.0,2027-12-31
4427,4427,BATCH-4427,51,13.8,12.0,12.0,2027-12-31
5420,5420,BATCH-5420,30,34.5,30.0,30.0,2027-12-31
5364,5364,BATCH-5364,50,3.25,2.83,2.83,2027-12-31
5298,5298,BATCH-5298,2,143.75,125.0,125.0,2027-12-31
4349,4349,BATCH-4349,15,98.9,86.0,86.0,2027-12-31
2828,2828,BATCH-2828,40,85.39,74.25,74.25,2027-12-31
3184,3184,BATCH-3184,38,46.0,40.0,40.0,2027-12-31
2875,2875,BATCH-2875,1,321.64,279.69,279.69,2027-12-31
706,706,BATCH-706,21,63.25,55.0,55.0,2027-12-31
2971,2971,BATCH-2971,2,636.64,553.6,553.6,2027-12-31
710,710,BATCH-710,29,105.8,92.0,92.0,2027-12-31
4526,4526,BATCH-4526,2,603.6,524.87,524.87,2027-12-31
3050,3050,BATCH-3050,3,517.27,449.8,449.8,2027-12-31
3285,3285,BATCH-3285,2,484.61,421.4,421.4,2027-12-31
3143,3143,BATCH-3143,100,5.98,5.2,5.2,2027-12-31
3504,3504,BATCH-3504,1,230.0,200.0,200.0,2027-12-31
4628,4628,BATCH-4628,17,101.2,88.0,88.0,2027-12-31
3641,3641,BATCH-3641,14,149.5,130.0,130.0,2027-12-31
4479,4479,BATCH-4479,45,72.45,63.0,63.0,2027-12-31
3998,3998,BATCH-3998,77,34.5,30.0,30.0,2027-12-31
3999,3999,BATCH-3999,28,36.22,31.5,31.5,2027-12-31
3178,3178,BATCH-3178,30,52.9,46.0,46.0,2027-12-31
717,717,BATCH-717,16,69.0,60.0,60.0,2027-12-31
3451,3451,BATCH-3451,11,92.0,80.0,80.0,2027-12-31
3779,3779,BATCH-3779,3,109.25,95.0,95.0,2027-12-31
5294,5294,BATCH-5294,7,23.69,20.6,20.6,2027-12-31
5422,5422,BATCH-5422,1,155.25,135.0,135.0,2027-12-31
4614,4614,BATCH-4614,1,112.7,98.0,98.0,2027-12-31
4613,4613,BATCH-4613,1,120.75,105.0,105.0,2027-12-31
5089,5089,BATCH-5089,1,172.5,150.0,150.0,2027-12-31
5090,5090,BATCH-5090,1,184.0,160.0,160.0,2027-12-31
4677,4677,BATCH-4677,2,27.6,24.0,24.0,2027-12-31
4306,4306,BATCH-4306,53,85.02,73.93,73.93,2027-12-31
5035,5035,BATCH-5035,1,507.52,441.32,441.32,2027-12-31
2782,2782,BATCH-2782,21,92.0,80.0,80.0,2027-12-31
2763,2763,BATCH-2763,15,138.0,120.0,120.0,2027-12-31
2774,2774,BATCH-2774,28,66.7,58.0,58.0,2027-12-31
3903,3903,BATCH-3903,40,158.03,137.42,137.42,2027-12-31
576,576,BATCH-576,3,80.5,70.0,70.0,2027-12-31
4651,4651,BATCH-4651,100,12.65,11.0,11.0,2027-12-31
4836,4836,BATCH-4836,4,340.18,295.81,295.81,2027-12-31
5345,5345,BATCH-5345,56,71.3,62.0,62.0,2027-12-31
3573,3573,BATCH-3573,39,86.02,74.8,74.8,2027-12-31
5314,5314,BATCH-5314,2,40.25,35.0,35.0,2027-12-31
5335,5335,BATCH-5335,14,92.0,80.0,80.0,2027-12-31
3896,3896,BATCH-3896,3,97.75,85.0,85.0,2027-12-31
3486,3486,BATCH-3486,22,124.2,108.0,108.0,2027-12-31
5380,5380,BATCH-5380,1,132.25,115.0,115.0,2027-12-31
5330,5330,BATCH-5330,151,3.45,3.0,3.0,2027-12-31
5337,5337,BATCH-5337,15,138.0,120.0,120.0,2027-12-31
752,752,BATCH-752,6,278.53,242.2,242.2,2027-12-31
2916,2916,BATCH-2916,6,17.25,15.0,15.0,2027-12-31
4838,4838,BATCH-4838,1,92.0,80.0,80.0,2027-12-31
4510,4510,BATCH-4510,5,135.16,117.53,117.53,2027-12-31
4509,4509,BATCH-4509,4,214.28,186.33,186.33,2027-12-31
3023,3023,BATCH-3023,3,118.92,103.41,103.41,2027-12-31
3021,3021,BATCH-3021,2,247.25,215.0,215.0,2027-12-31
3076,3076,BATCH-3076,1,367.21,319.31,319.31,2027-12-31
5333,5333,BATCH-5333,6,57.5,50.0,50.0,2027-12-31
438,438,BATCH-438,17,101.2,88.0,88.0,2027-12-31
5302,5302,BATCH-5302,1,172.5,150.0,150.0,2027-12-31
4026,4026,BATCH-4026,1,97.75,85.0,85.0,2027-12-31
2938,2938,BATCH-2938,5,727.79,632.86,632.86,2027-12-31
3267,3267,BATCH-3267,12,40.25,35.0,35.0,2027-12-31
441,441,BATCH-441,15,37.95,33.0,33.0,2027-12-31
5263,5263,BATCH-5263,3,184.0,160.0,160.0,2027-12-31
2858,2858,BATCH-2858,9,123.2,107.13,107.13,2027-12-31
3572,3572,BATCH-3572,1,202.15,175.78,175.78,2027-12-31
4578,4578,BATCH-4578,3,320.08,278.33,278.33,2027-12-31
637,637,BATCH-637,131,21.39,18.6,18.6,2027-12-31
5331,5331,BATCH-5331,4,63.25,55.0,55.0,2027-12-31
3266,3266,BATCH-3266,26,86.25,75.0,75.0,2027-12-31
4992,4992,BATCH-4992,2,138.0,120.0,120.0,2027-12-31
5032,5032,BATCH-5032,1,126.5,110.0,110.0,2027-12-31
4909,4909,BATCH-4909,44,14.37,12.5,12.5,2027-12-31
5133,5133,BATCH-5133,1,111.55,97.0,97.0,2027-12-31
5402,5402,BATCH-5402,13,149.5,130.0,130.0,2027-12-31
5384,5384,BATCH-5384,5,195.5,170.0,170.0,2027-12-31
5339,5339,BATCH-5339,92,60.95,53.0,53.0,2027-12-31
3014,3014,BATCH-3014,1,110.35,95.96,95.96,2027-12-31
5310,5310,BATCH-5310,10,41.4,36.0,36.0,2027-12-31
2943,2943,BATCH-2943,22,96.6,84.0,84.0,2027-12-31
2542,2542,BATCH-2542,65,42.55,37.0,37.0,2027-12-31
560,560,BATCH-560,19,96.6,84.0,84.0,2027-12-31
2354,2354,BATCH-2354,600,26.45,23.0,23.0,2027-12-31
4908,4908,BATCH-4908,3,54.05,47.0,47.0,2027-12-31
509,509,BATCH-509,3,166.75,145.0,145.0,2027-12-31
5277,5277,BATCH-5277,235,16.1,14.0,14.0,2027-12-31
3315,3315,BATCH-3315,227,7.13,6.2,6.2,2027-12-31
3785,3785,BATCH-3785,229,9.2,8.0,8.0,2027-12-31
2935,2935,BATCH-2935,1,393.54,342.21,342.21,2027-12-31
2835,2835,BATCH-2835,11,97.75,85.0,85.0,2027-12-31
4019,4019,BATCH-4019,13,36.22,31.5,31.5,2027-12-31
3058,3058,BATCH-3058,6,805.0,700.0,700.0,2027-12-31
3630,3630,BATCH-3630,6,828.0,720.0,720.0,2027-12-31
3223,3223,BATCH-3223,2,792.06,688.75,688.75,2027-12-31
4590,4590,BATCH-4590,1,260.13,226.2,226.2,2027-12-31
4346,4346,BATCH-4346,31,143.69,124.95,124.95,2027-12-31
2610,2610,BATCH-2610,8,79.58,69.2,69.2,2027-12-31
5383,5383,BATCH-5383,10,109.25,95.0,95.0,2027-12-31
3284,3284,BATCH-3284,3,161.0,140.0,140.0,2027-12-31
5375,5375,BATCH-5375,9,258.75,225.0,225.0,2027-12-31
3139,3139,BATCH-3139,5,48.07,41.8,41.8,2027-12-31
2550,2550,BATCH-2550,19,78.2,68.0,68.0,2027-12-31
3479,3479,BATCH-3479,98,29.67,25.8,25.8,2027-12-31
4437,4437,BATCH-4437,3,59.8,52.0,52.0,2027-12-31
2865,2865,BATCH-2865,704,1.72,1.5,1.5,2027-12-31
2936,2936,BATCH-2936,8,56.81,49.4,49.4,2027-12-31
3397,3397,BATCH-3397,28,65.55,57.0,57.0,2027-12-31
3025,3025,BATCH-3025,5,297.18,258.42,258.42,2027-12-31
5148,5148,BATCH-5148,8,92.0,80.0,80.0,2027-12-31
3592,3592,BATCH-3592,12,63.25,55.0,55.0,2027-12-31
4741,4741,BATCH-4741,3,8625.0,7500.0,7500.0,2027-12-31
2853,2853,BATCH-2853,48,107.58,93.55,93.55,2027-12-31
4037,4037,BATCH-4037,2,509.55,443.09,443.09,2027-12-31
662,662,BATCH-662,31,51.75,45.0,45.0,2027-12-31
3482,3482,BATCH-3482,13,189.63,164.9,164.9,2027-12-31
3481,3481,BATCH-3481,34,125.9,109.48,109.48,2027-12-31
5292,5292,BATCH-5292,1,69.0,60.0,60.0,2027-12-31
3570,3570,BATCH-3570,1,287.5,250.0,250.0,2027-12-31
5351,5351,BATCH-5351,101,51.75,45.0,45.0,2027-12-31
4484,4484,BATCH-4484,58,26.45,23.0,23.0,2027-12-31
732,732,BATCH-732,38,69.0,60.0,60.0,2027-12-31
3954,3954,BATCH-3954,34,88.32,76.8,76.8,2027-12-31
3915,3915,BATCH-3915,18,102.69,89.3,89.3,2027-12-31
4451,4451,BATCH-4451,4,62.1,54.0,54.0,2027-12-31
4347,4347,BATCH-4347,7,313.34,272.47,272.47,2027-12-31
665,665,BATCH-665,48,143.69,124.95,124.95,2027-12-31
3889,3889,BATCH-3889,68,82.8,72.0,72.0,2027-12-31
533,533,BATCH-533,2,124.53,108.29,108.29,2027-12-31
5187,5187,BATCH-5187,4,69.0,60.0,60.0,2027-12-31
5103,5103,BATCH-5103,4,97.75,85.0,85.0,2027-12-31
3120,3120,BATCH-3120,1,28.75,25.0,25.0,2027-12-31
5223,5223,BATCH-5223,13,97.75,85.0,85.0,2027-12-31
2660,2660,BATCH-2660,43,86.25,75.0,75.0,2027-12-31
5300,5300,BATCH-5300,5,48.3,42.0,42.0,2027-12-31
737,737,BATCH-737,18,193.84,168.56,168.56,2027-12-31
2642,2642,BATCH-2642,28,93.95,81.7,81.7,2027-12-31
4560,4560,BATCH-4560,2,195.5,170.0,170.0,2027-12-31
4556,4556,BATCH-4556,2,128.8,112.0,112.0,2027-12-31
4597,4597,BATCH-4597,3,103.5,90.0,90.0,2027-12-31
4443,4443,BATCH-4443,18,132.25,115.0,115.0,2027-12-31
3454,3454,BATCH-3454,1,4025.0,3500.0,3500.0,2027-12-31
3544,3544,BATCH-3544,30,47.15,41.0,41.0,2027-12-31
5370,5370,BATCH-5370,1,149.5,130.0,130.0,2027-12-31
5407,5407,BATCH-5407,26,212.75,185.0,185.0,2027-12-31
5290,5290,BATCH-5290,3,184.94,160.82,160.82,2027-12-31
5215,5215,BATCH-5215,11,69.0,60.0,60.0,2027-12-31
4363,4363,BATCH-4363,1,474.72,412.8,412.8,2027-12-31
4009,4009,BATCH-4009,1,962.88,837.29,837.29,2027-12-31
3923,3923,BATCH-3923,1,1557.67,1354.5,1354.5,2027-12-31
4678,4678,BATCH-4678,2,40.25,35.0,35.0,2027-12-31
5266,5266,BATCH-5266,3,488.75,425.0,425.0,2027-12-31
3921,3921,BATCH-3921,2,370.87,322.5,322.5,2027-12-31
3455,3455,BATCH-3455,95,12.65,11.0,11.0,2027-12-31
3787,3787,BATCH-3787,25,137.76,119.79,119.79,2027-12-31
5368,5368,BATCH-5368,21,34.5,30.0,30.0,2027-12-31
2985,2985,BATCH-2985,1,263.43,229.07,229.07,2027-12-31
4348,4348,BATCH-4348,1,474.18,412.33,412.33,2027-12-31
3013,3013,BATCH-3013,19,81.42,70.8,70.8,2027-12-31
4469,4469,BATCH-4469,10,167.64,145.77,145.77,2027-12-31
4315,4315,BATCH-4315,12,89.7,78.0,78.0,2027-12-31
448,448,BATCH-448,1,230.0,200.0,200.0,2027-12-31
4744,4744,BATCH-4744,8,74.75,65.0,65.0,2027-12-31
722,722,BATCH-722,35,57.5,50.0,50.0,2027-12-31
3909,3909,BATCH-3909,8,92.0,80.0,80.0,2027-12-31
4887,4887,BATCH-4887,80,21.85,19.0,19.0,2027-12-31
3152,3152,BATCH-3152,13,45.49,39.56,39.56,2027-12-31
4318,4318,BATCH-4318,2,303.02,263.5,263.5,2027-12-31
4069,4069,BATCH-4069,15,86.25,75.0,75.0,2027-12-31
4835,4835,BATCH-4835,8,112.61,97.92,97.92,2027-12-31
2755,2755,BATCH-2755,95,5.29,4.6,4.6,2027-12-31
2964,2964,BATCH-2964,29,144.64,125.77,125.77,2027-12-31
4379,4379,BATCH-4379,6,184.0,160.0,160.0,2027-12-31
2639,2639,BATCH-2639,34,184.89,160.77,160.77,2027-12-31
3219,3219,BATCH-3219,3,65.55,57.0,57.0,2027-12-31
5362,5362,BATCH-5362,1,150.14,130.56,130.56,2027-12-31
5316,5316,BATCH-5316,2,97.75,85.0,85.0,2027-12-31
492,492,BATCH-492,268,35.65,31.0,31.0,2027-12-31
5216,5216,BATCH-5216,55,72.45,63.0,63.0,2027-12-31
4654,4654,BATCH-4654,2,23.0,20.0,20.0,2027-12-31
4894,4894,BATCH-4894,2,36.22,31.5,31.5,2027-12-31
4752,4752,BATCH-4752,6,86.25,75.0,75.0,2027-12-31
3950,3950,BATCH-3950,7,152.52,132.63,132.63,2027-12-31
4826,4826,BATCH-4826,6,115.0,100.0,100.0,2027-12-31
4739,4739,BATCH-4739,7,264.5,230.0,230.0,2027-12-31
3714,3714,BATCH-3714,58,94.3,82.0,82.0,2027-12-31
3213,3213,BATCH-3213,4,57.5,50.0,50.0,2027-12-31
4477,4477,BATCH-4477,7,118.45,103.0,103.0,2027-12-31
5320,5320,BATCH-5320,1,188.34,163.77,163.77,2027-12-31
5172,5172,BATCH-5172,1,2530.0,2200.0,2200.0,2027-12-31
2515,2515,BATCH-2515,40,78.2,68.0,68.0,2027-12-31
5418,5418,BATCH-5418,145,5.95,5.17,5.17,2027-12-31
731,731,BATCH-731,12,295.71,257.14,257.14,2027-12-31
4481,4481,BATCH-4481,25,119.6,104.0,104.0,2027-12-31
5108,5108,BATCH-5108,5,57.5,50.0,50.0,2027-12-31
5170,5170,BATCH-5170,3,690.0,600.0,600.0,2027-12-31
628,628,BATCH-628,15,116.08,100.94,100.94,2027-12-31
5282,5282,BATCH-5282,6,20.12,17.5,17.5,2027-12-31
542,542,BATCH-542,1,199.65,173.61,173.61,2027-12-31
2362,2362,BATCH-2362,4,34.48,29.98,29.98,2027-12-31
5385,5385,BATCH-5385,3,322.0,280.0,280.0,2027-12-31
3965,3965,BATCH-3965,2,191.59,166.6,166.6,2027-12-31
3072,3072,BATCH-3072,33,94.3,82.0,82.0,2027-12-31
5157,5157,BATCH-5157,1,747.5,650.0,650.0,2027-12-31
3690,3690,BATCH-3690,91,40.63,35.33,35.33,2027-12-31
5377,5377,BATCH-5377,5,506.6,440.52,440.52,2027-12-31
3618,3618,BATCH-3618,10,26.45,23.0,23.0,2027-12-31
5104,5104,BATCH-5104,10,127.07,110.5,110.5,2027-12-31
5161,5161,BATCH-5161,3,134.4,116.87,116.87,2027-12-31
3922,3922,BATCH-3922,50,12.52,10.89,10.89,2027-12-31
2860,2860,BATCH-2860,14,113.19,98.43,98.43,2027-12-31
3008,3008,BATCH-3008,7,276.76,240.66,240.66,2027-12-31
577,577,BATCH-577,1,92.0,80.0,80.0,2027-12-31
5265,5265,BATCH-5265,84,402.5,350.0,350.0,2027-12-31
465,465,BATCH-465,12,230.0,200.0,200.0,2027-12-31
4415,4415,BATCH-4415,5,1840.0,1600.0,1600.0,2027-12-31
5401,5401,BATCH-5401,1,172.5,150.0,150.0,2027-12-31
647,647,BATCH-647,6,128.78,111.98,111.98,2027-12-31
4580,4580,BATCH-4580,3,1079.61,938.79,938.79,2027-12-31
4371,4371,BATCH-4371,1,92.0,80.0,80.0,2027-12-31
3908,3908,BATCH-3908,2,179.93,156.46,156.46,2027-12-31
3863,3863,BATCH-3863,3,299.0,260.0,260.0,2027-12-31
753,753,BATCH-753,5,51.75,45.0,45.0,2027-12-31
3306,3306,BATCH-3306,64,30.66,26.66,26.66,2027-12-31
5019,5019,BATCH-5019,4,311.33,270.72,270.72,2027-12-31
2132,2132,BATCH-2132,10,103.5,90.0,90.0,2027-12-31
692,692,BATCH-692,18,28.75,25.0,25.0,2027-12-31
3028,3028,BATCH-3028,4,148.35,129.0,129.0,2027-12-31
382,382,BATCH-382,9,74.75,65.0,65.0,2027-12-31
2433,2433,BATCH-2433,7,103.5,90.0,90.0,2027-12-31
557,557,BATCH-557,1,552.0,480.0,480.0,2027-12-31
1049,1049,BATCH-1049,83,10.35,9.0,9.0,2027-12-31
48875,48875,BATCH-48875,15,28.75,25.0,25.0,2027-12-31
3474,3474,BATCH-3474,2,227.79,198.08,198.08,2027-12-31
2645,2645,BATCH-2645,62,36.8,32.0,32.0,2027-12-31
4223,4223,BATCH-4223,9,46.0,40.0,40.0,2027-12-31
4013,4013,BATCH-4013,7,82.8,72.0,72.0,2027-12-31
699,699,BATCH-699,18,488.55,424.83,424.83,2027-12-31
575,575,BATCH-575,50,43.7,38.0,38.0,2027-12-31
764,764,BATCH-764,1,161.0,140.0,140.0,2027-12-31
1680,1680,BATCH-1680,11,11.5,10.0,10.0,2027-12-31
5184,5184,BATCH-5184,55,10.92,9.5,9.5,2027-12-31
578,578,BATCH-578,9,51.75,45.0,45.0,2027-12-31
776,776,BATCH-776,630,3.1,2.7,2.7,2027-12-31
2426,2426,BATCH-2426,30,78.58,68.33,68.33,2027-12-31
3030,3030,BATCH-3030,1,320.18,278.42,278.42,2027-12-31
5295,5295,BATCH-5295,42,33.35,29.0,29.0,2027-12-31
4124,4124,BATCH-4124,39,11.04,9.6,9.6,2027-12-31
4125,4125,BATCH-4125,28,23.0,20.0,20.0,2027-12-31
3935,3935,BATCH-3935,6,117.48,102.16,102.16,2027-12-31
2382,2382,BATCH-2382,33,76.44,66.47,66.47,2027-12-31
5230,5230,BATCH-5230,2,115.0,100.0,100.0,2027-12-31
4527,4527,BATCH-4527,2,549.96,478.23,478.23,2027-12-31
4529,4529,BATCH-4529,2,356.59,310.08,310.08,2027-12-31
698,698,BATCH-698,3,161.0,140.0,140.0,2027-12-31
2503,2503,BATCH-2503,2,460.0,400.0,400.0,2027-12-31
2351,2351,BATCH-2351,10,230.0,200.0,200.0,2027-12-31
3222,3222,BATCH-3222,5,143.75,125.0,125.0,2027-12-31
5325,5325,BATCH-5325,1,90.85,79.0,79.0,2027-12-31
726,726,BATCH-726,24,41.52,36.1,36.1,2027-12-31
2788,2788,BATCH-2788,33,28.4,24.7,24.7,2027-12-31
2984,2984,BATCH-2984,2,247.31,215.05,215.05,2027-12-31
4071,4071,BATCH-4071,11,142.11,123.57,123.57,2027-12-31
5365,5365,BATCH-5365,1,345.0,300.0,300.0,2027-12-31
2925,2925,BATCH-2925,1,240.44,209.08,209.08,2027-12-31
3478,3478,BATCH-3478,2,266.47,231.71,231.71,2027-12-31
3578,3578,BATCH-3578,8,293.25,255.0,255.0,2027-12-31
4799,4799,BATCH-4799,20,82.8,72.0,72.0,2027-12-31
2695,2695,BATCH-2695,34,111.55,97.0,97.0,2027-12-31
3116,3116,BATCH-3116,40,69.0,60.0,60.0,2027-12-31
2856,2856,BATCH-2856,11,87.4,76.0,76.0,2027-12-31
3001,3001,BATCH-3001,42,92.0,80.0,80.0,2027-12-31
4771,4771,BATCH-4771,1,517.5,450.0,450.0,2027-12-31
4418,4418,BATCH-4418,1,1725.0,1500.0,1500.0,2027-12-31
2387,2387,BATCH-2387,16,57.5,50.0,50.0,2027-12-31
2633,2633,BATCH-2633,142,3.99,3.47,3.47,2027-12-31
4551,4551,BATCH-4551,1,401.17,348.84,348.84,2027-12-31
5192,5192,BATCH-5192,24,52.9,46.0,46.0,2027-12-31
2720,2720,BATCH-2720,1,51.75,45.0,45.0,2027-12-31
4549,4549,BATCH-4549,20,73.6,64.0,64.0,2027-12-31
639,639,BATCH-639,10,168.11,146.18,146.18,2027-12-31
5378,5378,BATCH-5378,8,80.5,70.0,70.0,2027-12-31
2890,2890,BATCH-2890,2,172.43,149.94,149.94,2027-12-31
2589,2589,BATCH-2589,5,187.91,163.4,163.4,2027-12-31
5324,5324,BATCH-5324,4,287.5,250.0,250.0,2027-12-31
4888,4888,BATCH-4888,2,230.0,200.0,200.0,2027-12-31
4581,4581,BATCH-4581,10,49.45,43.0,43.0,2027-12-31
2872,2872,BATCH-2872,1,69.0,60.0,60.0,2027-12-31
4627,4627,BATCH-4627,9,464.31,403.75,403.75,2027-12-31
2994,2994,BATCH-2994,142,10.35,9.0,9.0,2027-12-31
2915,2915,BATCH-2915,124,26.83,23.33,23.33,2027-12-31
3655,3655,BATCH-3655,25,112.61,97.92,97.92,2027-12-31
725,725,BATCH-725,9,194.72,169.32,169.32,2027-12-31
4743,4743,BATCH-4743,20,155.25,135.0,135.0,2027-12-31
4136,4136,BATCH-4136,31,154.1,134.0,134.0,2027-12-31
500,500,BATCH-500,349,5.52,4.8,4.8,2027-12-31
2970,2970,BATCH-2970,8,77.62,67.5,67.5,2027-12-31
2734,2734,BATCH-2734,1,86.25,75.0,75.0,2027-12-31
3899,3899,BATCH-3899,22,128.78,111.98,111.98,2027-12-31
3900,3900,BATCH-3900,1,191.0,166.09,166.09,2027-12-31
4270,4270,BATCH-4270,3,474.5,412.61,412.61,2027-12-31
4254,4254,BATCH-4254,3,244.37,212.5,212.5,2027-12-31
3086,3086,BATCH-3086,20,48.87,42.5,42.5,2027-12-31
4474,4474,BATCH-4474,7,319.68,277.98,277.98,2027-12-31
2594,2594,BATCH-2594,133,5.58,4.85,4.85,2027-12-31
3861,3861,BATCH-3861,8,55.49,48.25,48.25,2027-12-31
4425,4425,BATCH-4425,1000,0.33,0.29,0.29,2027-12-31
734,734,BATCH-734,27,89.93,78.2,78.2,2027-12-31
3154,3154,BATCH-3154,4,120.75,105.0,105.0,2027-12-31
4907,4907,BATCH-4907,26,32.2,28.0,28.0,2027-12-31
3829,3829,BATCH-3829,29,40.25,35.0,35.0,2027-12-31
727,727,BATCH-727,8,26.45,23.0,23.0,2027-12-31
5336,5336,BATCH-5336,24,75.9,66.0,66.0,2027-12-31
4222,4222,BATCH-4222,2,126.5,110.0,110.0,2027-12-31
3183,3183,BATCH-3183,2,195.5,170.0,170.0,2027-12-31
2846,2846,BATCH-2846,27,35.65,31.0,31.0,2027-12-31
5386,5386,BATCH-5386,9,97.75,85.0,85.0,2027-12-31
5174,5174,BATCH-5174,1,389.02,338.28,338.28,2027-12-31
3281,3281,BATCH-3281,2,389.88,339.03,339.03,2027-12-31
3182,3182,BATCH-3182,5,149.47,129.97,129.97,2027-12-31
1654,1654,BATCH-1654,172,16.1,14.0,14.0,2027-12-31
5118,5118,BATCH-5118,9,69.0,60.0,60.0,2027-12-31
4856,4856,BATCH-4856,42,109.25,95.0,95.0,2027-12-31
4890,4890,BATCH-4890,1,74.75,65.0,65.0,2027-12-31
178,178,BATCH-178,13,41.4,36.0,36.0,2027-12-31
179,179,BATCH-179,7,225.0,195.65,195.65,2027-12-31
180,180,BATCH-180,10,54.05,47.0,47.0,2027-12-31
189,189,BATCH-189,28,345.47,300.41,300.41,2027-12-31
277,277,BATCH-277,5,102.53,89.16,89.16,2027-12-31
205,205,BATCH-205,420,14.83,12.9,12.9,2027-12-31
4137,4137,BATCH-4137,3,380.98,331.29,331.29,2027-12-31
2384,2384,BATCH-2384,21,157.04,136.56,136.56,2027-12-31
419,419,BATCH-419,15,105.82,92.02,92.02,2027-12-31
5421,5421,BATCH-5421,20,178.25,155.0,155.0,2027-12-31
1678,1678,BATCH-1678,12,296.37,257.71,257.71,2027-12-31
4772,4772,BATCH-4772,2,493.53,429.16,429.16,2027-12-31
5016,5016,BATCH-5016,1,279.6,243.13,243.13,2027-12-31
5381,5381,BATCH-5381,2,267.03,232.2,232.2,2027-12-31
206,206,BATCH-206,127,46.0,40.0,40.0,2027-12-31
16,16,BATCH-16,731,7.01,6.1,6.1,2027-12-31
215,215,BATCH-215,58,51.75,45.0,45.0,2027-12-31
221,221,BATCH-221,50,10.92,9.5,9.5,2027-12-31
5419,5419,BATCH-5419,25,11.5,10.0,10.0,2027-12-31
233,233,BATCH-233,90,30.87,26.84,26.84,2027-12-31
2323,2323,BATCH-2323,50,38.64,33.6,33.6,2027-12-31
2236,2236,BATCH-2236,90,28.4,24.7,24.7,2027-12-31
246,246,BATCH-246,143,20.7,18.0,18.0,2027-12-31
5371,5371,BATCH-5371,3,51.75,45.0,45.0,2027-12-31
252,252,BATCH-252,126,22.42,19.5,19.5,2027-12-31
874,874,BATCH-874,6,215.6,187.48,187.48,2027-12-31
255,255,BATCH-255,456,24.72,21.5,21.5,2027-12-31
18,18,BATCH-18,37,247.25,215.0,215.0,2027-12-31
267,267,BATCH-267,1,515.31,448.1,448.1,2027-12-31
260,260,BATCH-260,24,31.48,27.37,27.37,2027-12-31
264,264,BATCH-264,61,15.81,13.75,13.75,2027-12-31
273,273,BATCH-273,15,127.99,111.3,111.3,2027-12-31
2738,2738,BATCH-2738,22,41.4,36.0,36.0,2027-12-31
2883,2883,BATCH-2883,8,212.75,185.0,185.0,2027-12-31
631,631,BATCH-631,4,140.3,122.0,122.0,2027-12-31
3161,3161,BATCH-3161,3,19.29,16.77,16.77,2027-12-31
22,22,BATCH-22,3,143.75,125.0,125.0,2027-12-31
21,21,BATCH-21,139,14.26,12.4,12.4,2027-12-31
292,292,BATCH-292,2242,7.07,6.15,6.15,2027-12-31
293,293,BATCH-293,2345,7.07,6.15,6.15,2027-12-31
3654,3654,BATCH-3654,24,122.14,106.21,106.21,2027-12-31
3466,3466,BATCH-3466,46,203.24,176.73,176.73,2027-12-31
5388,5388,BATCH-5388,1,534.06,464.4,464.4,2027-12-31
5018,5018,BATCH-5018,4,184.56,160.49,160.49,2027-12-31
3480,3480,BATCH-3480,29,135.7,118.0,118.0,2027-12-31
1943,1943,BATCH-1943,22,195.5,170.0,170.0,2027-12-31
3511,3511,BATCH-3511,33,112.41,97.75,97.75,2027-12-31
3510,3510,BATCH-3510,37,185.72,161.5,161.5,2027-12-31
3897,3897,BATCH-3897,55,205.16,178.4,178.4,2027-12-31
5074,5074,BATCH-5074,41,251.04,218.3,218.3,2027-12-31
416,416,BATCH-416,15,27.17,23.63,23.63,2027-12-31
499,499,BATCH-499,25,129.32,112.45,112.45,2027-12-31
5387,5387,BATCH-5387,4,110.77,96.32,96.32,2027-12-31
4117,4117,BATCH-4117,3,396.12,344.45,344.45,2027-12-31
398,398,BATCH-398,12,67.27,58.5,58.5,2027-12-31
305,305,BATCH-305,143,21.08,18.33,18.33,2027-12-31
317,317,BATCH-317,111,10.92,9.5,9.5,2027-12-31
1533,1533,BATCH-1533,24,29.9,26.0,26.0,2027-12-31
385,385,BATCH-385,8,195.5,170.0,170.0,2027-12-31
356,356,BATCH-356,10,132.94,115.6,115.6,2027-12-31
23,23,BATCH-23,449,8.46,7.36,7.36,2027-12-31
5046,5046,BATCH-5046,11,14.26,12.4,12.4,2027-12-31
3946,3946,BATCH-3946,145,23.57,20.5,20.5,2027-12-31
3994,3994,BATCH-3994,227,9.89,8.6,8.6,2027-12-31
528,528,BATCH-528,5,97.36,84.66,84.66,2027-12-31
5332,5332,BATCH-5332,2,11.96,10.4,10.4,2027-12-31
1044,1044,BATCH-1044,2,141.15,122.74,122.74,2027-12-31
538,538,BATCH-538,48,56.43,49.07,49.07,2027-12-31
675,675,BATCH-675,2,173.6,150.96,150.96,2027-12-31
4506,4506,BATCH-4506,1,632.96,550.4,550.4,2027-12-31
4088,4088,BATCH-4088,2,187.6,163.13,163.13,2027-12-31
5408,5408,BATCH-5408,10,251.61,218.79,218.79,2027-12-31
3022,3022,BATCH-3022,2,214.28,186.33,186.33,2027-12-31
394,394,BATCH-394,5,522.57,454.41,454.41,2027-12-31
2975,2975,BATCH-2975,1,392.93,341.68,341.68,2027-12-31
2944,2944,BATCH-2944,2,636.92,553.84,553.84,2027-12-31
2447,2447,BATCH-2447,9,201.1,174.87,174.87,2027-12-31
330,330,BATCH-330,111,24.28,21.11,21.11,2027-12-31
4138,4138,BATCH-4138,2,478.7,416.26,416.26,2027-12-31
2920,2920,BATCH-2920,90,39.16,34.05,34.05,2027-12-31
2947,2947,BATCH-2947,1,640.32,556.8,556.8,2027-12-31
270,270,BATCH-270,197,13.85,12.04,12.04,2027-12-31
4387,4387,BATCH-4387,12,43.08,37.46,37.46,2027-12-31
174,174,BATCH-174,39,172.09,149.64,149.64,2027-12-31
25,25,BATCH-25,38,246.26,214.14,214.14,2027-12-31
240,240,BATCH-240,74,38.11,33.14,33.14,2027-12-31
241,241,BATCH-241,85,69.92,60.8,60.8,2027-12-31
439,439,BATCH-439,4,114.13,99.24,99.24,2027-12-31
412,412,BATCH-412,16,131.38,114.24,114.24,2027-12-31
411,411,BATCH-411,24,112.22,97.58,97.58,2027-12-31
328,328,BATCH-328,23,39.58,34.42,34.42,2027-12-31
2600,2600,BATCH-2600,36,56.57,49.19,49.19,2027-12-31
2913,2913,BATCH-2913,20,113.01,98.27,98.27,2027-12-31
2946,2946,BATCH-2946,18,68.82,59.84,59.84,2027-12-31
4288,4288,BATCH-4288,45,65.57,57.02,57.02,2027-12-31
2764,2764,BATCH-2764,37,158.35,137.7,137.7,2027-12-31
5084,5084,BATCH-5084,16,66.7,58.0,58.0,2027-12-31
5247,5247,BATCH-5247,32,27.6,24.0,24.0,2027-12-31
51911,51911,BATCH-51911,8,66.7,58.0,58.0,2027-12-31
5340,5340,BATCH-5340,89,48.3,42.0,42.0,2027-12-31
3442,3442,BATCH-3442,23,36.22,31.5,31.5,2027-12-31
2869,2869,BATCH-2869,6,36.22,31.5,31.5,2027-12-31
613,613,BATCH-613,57,36.22,31.5,31.5,2027-12-31
3433,3433,BATCH-3433,49,36.22,31.5,31.5,2027-12-31
5327,5327,BATCH-5327,17,41.4,36.0,36.0,2027-12-31
3092,3092,BATCH-3092,46,36.22,31.5,31.5,2027-12-31
2824,2824,BATCH-2824,5,77.62,67.5,67.5,2027-12-31
3425,3425,BATCH-3425,2,52.9,46.0,46.0,2027-12-31
2797,2797,BATCH-2797,11,25.87,22.5,22.5,2027-12-31
3435,3435,BATCH-3435,42,36.22,31.5,31.5,2027-12-31
2367,2367,BATCH-2367,10,37.26,32.4,32.4,2027-12-31
2798,2798,BATCH-2798,3,62.1,54.0,54.0,2027-12-31
3432,3432,BATCH-3432,27,36.22,31.5,31.5,2027-12-31
5146,5146,BATCH-5146,2,113.85,99.0,99.0,2027-12-31
122,122,BATCH-122,65,36.22,31.5,31.5,2027-12-31
2565,2565,BATCH-2565,21,36.22,31.5,31.5,2027-12-31
3788,3788,BATCH-3788,5,31.05,27.0,27.0,2027-12-31
3534,3534,BATCH-3534,16,25.87,22.5,22.5,2027-12-31
779,779,BATCH-779,7,72.45,63.0,63.0,2027-12-31
2969,2969,BATCH-2969,15,36.22,31.5,31.5,2027-12-31
2801,2801,BATCH-2801,62,36.22,31.5,31.5,2027-12-31
2903,2903,BATCH-2903,15,62.1,54.0,54.0,2027-12-31
5121,5121,BATCH-5121,9,184.0,160.0,160.0,2027-12-31
4704,4704,BATCH-4704,5,87.97,76.5,76.5,2027-12-31
4674,4674,BATCH-4674,11,72.45,63.0,63.0,2027-12-31
2804,2804,BATCH-2804,3,36.22,31.5,31.5,2027-12-31
2628,2628,BATCH-2628,2,51.75,45.0,45.0,2027-12-31
3434,3434,BATCH-3434,12,36.22,31.5,31.5,2027-12-31
2630,2630,BATCH-2630,3,36.22,31.5,31.5,2027-12-31
2629,2629,BATCH-2629,4,56.92,49.5,49.5,2027-12-31
2047,2047,BATCH-2047,59,36.22,31.5,31.5,2027-12-31
2766,2766,BATCH-2766,39,36.22,31.5,31.5,2027-12-31
2069,2069,BATCH-2069,11,41.4,36.0,36.0,2027-12-31
5350,5350,BATCH-5350,32,50.6,44.0,44.0,2027-12-31
5348,5348,BATCH-5348,42,78.2,68.0,68.0,2027-12-31
5347,5347,BATCH-5347,10,97.75,85.0,85.0,2027-12-31
5349,5349,BATCH-5349,17,92.0,80.0,80.0,2027-12-31
5414,5414,BATCH-5414,8,166.75,145.0,145.0,2027-12-31
83,83,BATCH-83,38,44.85,39.0,39.0,2027-12-31
27,27,BATCH-27,54,48.3,42.0,42.0,2027-12-31
1675,1675,BATCH-1675,54,30.76,26.75,26.75,2027-12-31
1720,1720,BATCH-1720,31,48.3,42.0,42.0,2027-12-31
2727,2727,BATCH-2727,12,50.6,44.0,44.0,2027-12-31
1723,1723,BATCH-1723,13,51.75,45.0,45.0,2027-12-31
5389,5389,BATCH-5389,1,41.4,36.0,36.0,2027-12-31
1867,1867,BATCH-1867,6,26.45,23.0,23.0,2027-12-31
2418,2418,BATCH-2418,1,77.42,67.32,67.32,2027-12-31
1910,1910,BATCH-1910,12,103.22,89.76,89.76,2027-12-31
1926,1926,BATCH-1926,15,142.6,124.0,124.0,2027-12-31
1925,1925,BATCH-1925,2,264.5,230.0,230.0,2027-12-31
1944,1944,BATCH-1944,22,47.45,41.26,41.26,2027-12-31
1945,1945,BATCH-1945,22,71.84,62.47,62.47,2027-12-31
1956,1956,BATCH-1956,24,142.6,124.0,124.0,2027-12-31
463,463,BATCH-463,3,154.47,134.32,134.32,2027-12-31
213,213,BATCH-213,58,42.96,37.36,37.36,2027-12-31
2006,2006,BATCH-2006,65,50.6,44.0,44.0,2027-12-31
2156,2156,BATCH-2156,13,175.55,152.65,152.65,2027-12-31
2178,2178,BATCH-2178,31,30.18,26.24,26.24,2027-12-31
409,409,BATCH-409,13,68.92,59.93,59.93,2027-12-31
194,194,BATCH-194,10,138.0,120.0,120.0,2027-12-31
193,193,BATCH-193,84,71.3,62.0,62.0,2027-12-31
192,192,BATCH-192,122,78.2,68.0,68.0,2027-12-31
283,283,BATCH-283,80,38.97,33.89,33.89,2027-12-31
5311,5311,BATCH-5311,86,6.21,5.4,5.4,2027-12-31
679,679,BATCH-679,81,178.25,155.0,155.0,2027-12-31
496,496,BATCH-496,65,12.07,10.5,10.5,2027-12-31
3290,3290,BATCH-3290,16,67.62,58.8,58.8,2027-12-31
3288,3288,BATCH-3288,22,85.65,74.48,74.48,2027-12-31
3289,3289,BATCH-3289,20,113.85,99.0,99.0,2027-12-31
4644,4644,BATCH-4644,9,287.59,250.08,250.08,2027-12-31
2693,2693,BATCH-2693,36,80.5,70.0,70.0,2027-12-31
358,358,BATCH-358,31,304.75,265.0,265.0,2027-12-31
319,319,BATCH-319,50,65.71,57.14,57.14,2027-12-31
325,325,BATCH-325,78,143.69,124.95,124.95,2027-12-31
603,603,BATCH-603,47,172.43,149.94,149.94,2027-12-31
28,28,BATCH-28,152,127.7,111.04,111.04,2027-12-31
4258,4258,BATCH-4258,15,42.79,37.21,37.21,2027-12-31
641,641,BATCH-641,36,116.78,101.55,101.55,2027-12-31
4140,4140,BATCH-4140,3,154.18,134.07,134.07,2027-12-31
329,329,BATCH-329,115,29.69,25.82,25.82,2027-12-31
176,176,BATCH-176,3,178.02,154.8,154.8,2027-12-31
175,175,BATCH-175,16,182.01,158.27,158.27,2027-12-31
2379,2379,BATCH-2379,3,312.73,271.94,271.94,2027-12-31
2520,2520,BATCH-2520,36,143.69,124.95,124.95,2027-12-31
239,239,BATCH-239,9,91.68,79.72,79.72,2027-12-31
449,449,BATCH-449,19,229.44,199.51,199.51,2027-12-31
2765,2765,BATCH-2765,7,179.05,155.7,155.7,2027-12-31
2391,2391,BATCH-2391,6,287.38,249.9,249.9,2027-12-31
350,350,BATCH-350,1,207.0,180.0,180.0,2027-12-31
2437,2437,BATCH-2437,16,126.35,109.87,109.87,2027-12-31
2919,2919,BATCH-2919,57,43.64,37.95,37.95,2027-12-31
378,378,BATCH-378,25,43.7,38.0,38.0,2027-12-31
5412,5412,BATCH-5412,10,71.3,62.0,62.0,2027-12-31
4767,4767,BATCH-4767,48,13.8,12.0,12.0,2027-12-31
487,487,BATCH-487,16,190.62,165.76,165.76,2027-12-31
405,405,BATCH-405,24,25.76,22.4,22.4,2027-12-31
4795,4795,BATCH-4795,1,419.75,365.0,365.0,2027-12-31
1210,1210,BATCH-1210,12,103.5,90.0,90.0,2027-12-31
3188,3188,BATCH-3188,7,174.8,152.0,152.0,2027-12-31
406,406,BATCH-406,13,112.41,97.75,97.75,2027-12-31
29,29,BATCH-29,10,215.83,187.68,187.68,2027-12-31
5249,5249,BATCH-5249,115,27.83,24.2,24.2,2027-12-31
5252,5252,BATCH-5252,34,63.25,55.0,55.0,2027-12-31
4226,4226,BATCH-4226,3,152.49,132.6,132.6,2027-12-31
5251,5251,BATCH-5251,23,64.4,56.0,56.0,2027-12-31
5341,5341,BATCH-5341,1,64.4,56.0,56.0,2027-12-31
5416,5416,BATCH-5416,46,63.25,55.0,55.0,2027-12-31
424,424,BATCH-424,52,116.52,101.32,101.32,2027-12-31
2359,2359,BATCH-2359,17,128.79,111.99,111.99,2027-12-31
720,720,BATCH-720,251,10.19,8.86,8.86,2027-12-31
721,721,BATCH-721,310,18.2,15.83,15.83,2027-12-31
644,644,BATCH-644,3,190.99,166.08,166.08,2027-12-31
332,332,BATCH-332,250,20.8,18.09,18.09,2027-12-31
2819,2819,BATCH-2819,8,260.65,226.65,226.65,2027-12-31
430,430,BATCH-430,180,1.99,1.73,1.73,2027-12-31
615,615,BATCH-615,8,367.38,319.46,319.46,2027-12-31
35,35,BATCH-35,15,257.66,224.05,224.05,2027-12-31
642,642,BATCH-642,15,403.51,350.88,350.88,2027-12-31
19,19,BATCH-19,16,354.63,308.37,308.37,2027-12-31
17,17,BATCH-17,27,539.92,469.5,469.5,2027-12-31
425,425,BATCH-425,20,46.69,40.6,40.6,2027-12-31
2861,2861,BATCH-2861,79,45.84,39.86,39.86,2027-12-31
284,284,BATCH-284,5,116.38,101.2,101.2,2027-12-31
552,552,BATCH-552,47,178.63,155.33,155.33,2027-12-31
553,553,BATCH-553,41,179.68,156.24,156.24,2027-12-31
1,1,BATCH-1,168,109.1,94.87,94.87,2027-12-31
754,754,BATCH-754,34,118.77,103.28,103.28,2027-12-31
294,294,BATCH-294,8,197.43,171.68,171.68,2027-12-31
518,518,BATCH-518,20,215.31,187.23,187.23,2027-12-31
2385,2385,BATCH-2385,8,97.57,84.84,84.84,2027-12-31
2349,2349,BATCH-2349,4,192.51,167.4,167.4,2027-12-31
2477,2477,BATCH-2477,13,198.0,172.17,172.17,2027-12-31
3661,3661,BATCH-3661,2,232.86,202.49,202.49,2027-12-31
298,298,BATCH-298,452,19.89,17.3,17.3,2027-12-31
417,417,BATCH-417,51,153.97,133.89,133.89,2027-12-31
437,437,BATCH-437,49,117.01,101.75,101.75,2027-12-31
281,281,BATCH-281,27,116.76,101.53,101.53,2027-12-31
632,632,BATCH-632,16,94.37,82.06,82.06,2027-12-31
196,196,BATCH-196,32,67.04,58.3,58.3,2027-12-31
195,195,BATCH-195,969,34.82,30.28,30.28,2027-12-31
429,429,BATCH-429,30,112.88,98.16,98.16,2027-12-31
4123,4123,BATCH-4123,1,287.28,249.81,249.81,2027-12-31
610,610,BATCH-610,4,222.05,193.09,193.09,2027-12-31
243,243,BATCH-243,55,99.8,86.78,86.78,2027-12-31
20,20,BATCH-20,44,91.34,79.43,79.43,2027-12-31
244,244,BATCH-244,35,68.48,59.55,59.55,2027-12-31
2360,2360,BATCH-2360,10,53.52,46.54,46.54,2027-12-31
559,559,BATCH-559,39,186.79,162.43,162.43,2027-12-31
2750,2750,BATCH-2750,3,249.92,217.32,217.32,2027-12-31
402,402,BATCH-402,1,641.8,558.09,558.09,2027-12-31
249,249,BATCH-249,2,359.35,312.48,312.48,2027-12-31
404,404,BATCH-404,3,255.79,222.43,222.43,2027-12-31
250,250,BATCH-250,5,701.81,610.27,610.27,2027-12-31
403,403,BATCH-403,5,356.4,309.91,309.91,2027-12-31
2847,2847,BATCH-2847,9,157.06,136.57,136.57,2027-12-31
601,601,BATCH-601,5,116.38,101.2,101.2,2027-12-31
600,600,BATCH-600,26,68.55,59.61,59.61,2027-12-31
8,8,BATCH-8,21,112.5,97.83,97.83,2027-12-31
266,266,BATCH-266,20,44.11,38.36,38.36,2027-12-31
2851,2851,BATCH-2851,4,188.92,164.28,164.28,2027-12-31
2812,2812,BATCH-2812,47,32.2,28.0,28.0,2027-12-31
5392,5392,BATCH-5392,2,51.75,45.0,45.0,2027-12-31
4922,4922,BATCH-4922,14,34.5,30.0,30.0,2027-12-31
30,30,BATCH-30,83,63.25,55.0,55.0,2027-12-31
2561,2561,BATCH-2561,8,299.0,260.0,260.0,2027-12-31
322,322,BATCH-322,17,14.95,13.0,13.0,2027-12-31
5308,5308,BATCH-5308,3,87.4,76.0,76.0,2027-12-31
397,397,BATCH-397,96,65.55,57.0,57.0,2027-12-31
395,395,BATCH-395,112,82.8,72.0,72.0,2027-12-31
2681,2681,BATCH-2681,4,43.7,38.0,38.0,2027-12-31
5410,5410,BATCH-5410,2,177.93,154.72,154.72,2027-12-31
582,582,BATCH-582,6,411.32,357.67,357.67,2027-12-31
4843,4843,BATCH-4843,16,250.7,218.0,218.0,2027-12-31
485,485,BATCH-485,4,256.14,222.73,222.73,2027-12-31
599,599,BATCH-599,1,2127.5,1850.0,1850.0,2027-12-31
5072,5072,BATCH-5072,4,273.7,238.0,238.0,2027-12-31
5398,5398,BATCH-5398,10,88.3,76.78,76.78,2027-12-31
5399,5399,BATCH-5399,5,149.56,130.05,130.05,2027-12-31
450,450,BATCH-450,16,33.53,29.16,29.16,2027-12-31
5180,5180,BATCH-5180,6,107.52,93.5,93.5,2027-12-31
5181,5181,BATCH-5181,8,109.69,95.38,95.38,2027-12-31
5182,5182,BATCH-5182,5,179.96,156.49,156.49,2027-12-31
444,444,BATCH-444,13,134.89,117.3,117.3,2027-12-31
5017,5017,BATCH-5017,3,706.27,614.15,614.15,2027-12-31
4585,4585,BATCH-4585,13,135.6,117.91,117.91,2027-12-31
4798,4798,BATCH-4798,6,291.46,253.44,253.44,2027-12-31
3929,3929,BATCH-3929,4,348.16,302.75,302.75,2027-12-31
4253,4253,BATCH-4253,12,125.05,108.74,108.74,2027-12-31
2461,2461,BATCH-2461,1,706.05,613.96,613.96,2027-12-31
690,690,BATCH-690,7,27.6,24.0,24.0,2027-12-31
2478,2478,BATCH-2478,9,34.5,30.0,30.0,2027-12-31
4485,4485,BATCH-4485,9,43.7,38.0,38.0,2027-12-31
1050,1050,BATCH-1050,4,77.95,67.78,67.78,2027-12-31
1056,1056,BATCH-1056,12,147.87,128.58,128.58,2027-12-31
2825,2825,BATCH-2825,10,169.52,147.41,147.41,2027-12-31
184,184,BATCH-184,15,209.41,182.1,182.1,2027-12-31
2240,2240,BATCH-2240,40,227.18,197.55,197.55,2027-12-31
34,34,BATCH-34,20,220.62,191.84,191.84,2027-12-31
1072,1072,BATCH-1072,5,390.61,339.66,339.66,2027-12-31
1177,1177,BATCH-1177,1,186.46,162.14,162.14,2027-12-31
531,531,BATCH-531,43,34.06,29.62,29.62,2027-12-31
676,676,BATCH-676,2,118.52,103.06,103.06,2027-12-31
5346,5346,BATCH-5346,32,126.5,110.0,110.0,2027-12-31
799,799,BATCH-799,116,13.42,11.67,11.67,2027-12-31
401,401,BATCH-401,138,9.11,7.92,7.92,2027-12-31
2312,2312,BATCH-2312,2,80.5,70.0,70.0,2027-12-31
2497,2497,BATCH-2497,21,80.5,70.0,70.0,2027-12-31
2500,2500,BATCH-2500,10,69.0,60.0,60.0,2027-12-31
2442,2442,BATCH-2442,3,37.65,32.74,32.74,2027-12-31
2238,2238,BATCH-2238,9,80.75,70.22,70.22,2027-12-31
96,96,BATCH-96,38,82.8,72.0,72.0,2027-12-31
4568,4568,BATCH-4568,11,114.53,99.59,99.59,2027-12-31
366,366,BATCH-366,11,94.3,82.0,82.0,2027-12-31
746,746,BATCH-746,17,190.98,166.07,166.07,2027-12-31
677,677,BATCH-677,59,82.73,71.94,71.94,2027-12-31
678,678,BATCH-678,36,82.47,71.71,71.71,2027-12-31
2808,2808,BATCH-2808,31,73.51,63.92,63.92,2027-12-31
365,365,BATCH-365,7,94.82,82.45,82.45,2027-12-31
2810,2810,BATCH-2810,22,138.0,120.0,120.0,2027-12-31
2811,2811,BATCH-2811,15,62.56,54.4,54.4,2027-12-31
51912,51912,BATCH-51912,6,221.8,192.87,192.87,2027-12-31
5195,5195,BATCH-5195,11,257.01,223.49,223.49,2027-12-31
413,413,BATCH-413,26,132.25,115.0,115.0,2027-12-31
555,555,BATCH-555,270,11.5,10.0,10.0,2027-12-31
5101,5101,BATCH-5101,5,74.75,65.0,65.0,2027-12-31
3,3,BATCH-3,106,6.28,5.46,5.46,2027-12-31
648,648,BATCH-648,1,197.47,171.71,171.71,2027-12-31
2559,2559,BATCH-2559,62,118.52,103.06,103.06,2027-12-31
177,177,BATCH-177,3,224.82,195.5,195.5,2027-12-31
3227,3227,BATCH-3227,5,87.97,76.5,76.5,2027-12-31
3305,3305,BATCH-3305,1,48.3,42.0,42.0,2027-12-31
3316,3316,BATCH-3316,46,92.0,80.0,80.0,2027-12-31
5244,5244,BATCH-5244,10,95.45,83.0,83.0,2027-12-31
5406,5406,BATCH-5406,12,166.75,145.0,145.0,2027-12-31
5405,5405,BATCH-5405,1,440.83,383.33,383.33,2027-12-31
2410,2410,BATCH-2410,7,103.5,90.0,90.0,2027-12-31
299,299,BATCH-299,59,12.07,10.5,10.5,2027-12-31
36,36,BATCH-36,18,47.44,41.25,41.25,2027-12-31
464,464,BATCH-464,37,62.1,54.0,54.0,2027-12-31
501,501,BATCH-501,37,86.25,75.0,75.0,2027-12-31
541,541,BATCH-541,8,31.05,27.0,27.0,2027-12-31
4770,4770,BATCH-4770,3,611.78,531.98,531.98,2027-12-31
2809,2809,BATCH-2809,21,108.21,94.1,94.1,2027-12-31
38,38,BATCH-38,30,157.38,136.85,136.85,2027-12-31
323,323,BATCH-323,4,187.68,163.2,163.2,2027-12-31
4139,4139,BATCH-4139,9,77.27,67.19,67.19,2027-12-31
2425,2425,BATCH-2425,34,111.85,97.26,97.26,2027-12-31
2525,2525,BATCH-2525,27,62.28,54.16,54.16,2027-12-31
4285,4285,BATCH-4285,63,28.51,24.79,24.79,2027-12-31
276,276,BATCH-276,21,220.9,192.09,192.09,2027-12-31
269,269,BATCH-269,30,148.84,129.43,129.43,2027-12-31
530,530,BATCH-530,4,290.32,252.45,252.45,2027-12-31
271,271,BATCH-271,4,158.24,137.6,137.6,2027-12-31
5092,5092,BATCH-5092,5,326.12,283.58,283.58,2027-12-31
4768,4768,BATCH-4768,10,212.75,185.0,185.0,2027-12-31
5218,5218,BATCH-5218,5,221.92,192.97,192.97,2027-12-31
4759,4759,BATCH-4759,2,321.42,279.5,279.5,2027-12-31
5000,5000,BATCH-5000,4,51.75,45.0,45.0,2027-12-31
2466,2466,BATCH-2466,9,149.78,130.24,130.24,2027-12-31
2474,2474,BATCH-2474,1,315.69,274.51,274.51,2027-12-31
42,42,BATCH-42,19,192.51,167.4,167.4,2027-12-31
300,300,BATCH-300,30,172.5,150.0,150.0,2027-12-31
4264,4264,BATCH-4264,2,126.5,110.0,110.0,2027-12-31
3483,3483,BATCH-3483,136,6.9,6.0,6.0,2027-12-31
5087,5087,BATCH-5087,49,14.95,13.0,13.0,2027-12-31
2756,2756,BATCH-2756,28,111.55,97.0,97.0,2027-12-31
694,694,BATCH-694,34,71.01,61.75,61.75,2027-12-31
228,228,BATCH-228,18,86.25,75.0,75.0,2027-12-31
229,229,BATCH-229,11,147.2,128.0,128.0,2027-12-31
3801,3801,BATCH-3801,91,9.89,8.6,8.6,2027-12-31
5413,5413,BATCH-5413,25,47.56,41.36,41.36,2027-12-31
5073,5073,BATCH-5073,140,44.27,38.5,38.5,2027-12-31
5076,5076,BATCH-5076,33,115.0,100.0,100.0,2027-12-31
4879,4879,BATCH-4879,98,51.75,45.0,45.0,2027-12-31
4878,4878,BATCH-4878,75,64.4,56.0,56.0,2027-12-31
5253,5253,BATCH-5253,53,24.15,21.0,21.0,2027-12-31
5088,5088,BATCH-5088,11,32.58,28.33,28.33,2027-12-31
3235,3235,BATCH-3235,120,13.8,12.0,12.0,2027-12-31
54,54,BATCH-54,43,12.79,11.12,11.12,2027-12-31
337,337,BATCH-337,190,18.4,16.0,16.0,2027-12-31
5,5,BATCH-5,64,25.3,22.0,22.0,2027-12-31
3245,3245,BATCH-3245,5,97.75,85.0,85.0,2027-12-31
2636,2636,BATCH-2636,30,49.45,43.0,43.0,2027-12-31
627,627,BATCH-627,100,48.3,42.0,42.0,2027-12-31
156,156,BATCH-156,4,43.7,38.0,38.0,2027-12-31
304,304,BATCH-304,10,69.0,60.0,60.0,2027-12-31
76,76,BATCH-76,23,34.5,30.0,30.0,2027-12-31
89,89,BATCH-89,10,40.25,35.0,35.0,2027-12-31
165,165,BATCH-165,15,63.25,55.0,55.0,2027-12-31
171,171,BATCH-171,62,55.2,48.0,48.0,2027-12-31
4650,4650,BATCH-4650,38,35.65,31.0,31.0,2027-12-31
130,130,BATCH-130,62,65.55,57.0,57.0,2027-12-31
303,303,BATCH-303,58,92.0,80.0,80.0,2027-12-31
5099,5099,BATCH-5099,32,11.5,10.0,10.0,2027-12-31
56,56,BATCH-56,2,126.5,110.0,110.0,2027-12-31
5289,5289,BATCH-5289,39,5.52,4.8,4.8,2027-12-31
377,377,BATCH-377,34,52.44,45.6,45.6,2027-12-31
3210,3210,BATCH-3210,165,7.36,6.4,6.4,2027-12-31
783,783,BATCH-783,112,33.92,29.5,29.5,2027-12-31
1781,1781,BATCH-1781,30,37.95,33.0,33.0,2027-12-31
2615,2615,BATCH-2615,21,39.1,34.0,34.0,2027-12-31
154,154,BATCH-154,72,48.3,42.0,42.0,2027-12-31
160,160,BATCH-160,10,43.7,38.0,38.0,2027-12-31
290,290,BATCH-290,2,69.0,60.0,60.0,2027-12-31
227,227,BATCH-227,18,16.93,14.72,14.72,2027-12-31
2446,2446,BATCH-2446,13,76.56,66.57,66.57,2027-12-31
5411,5411,BATCH-5411,3,585.95,509.52,509.52,2027-12-31
320,320,BATCH-320,5,212.01,184.36,184.36,2027-12-31
2441,2441,BATCH-2441,5,266.12,231.41,231.41,2027-12-31
2440,2440,BATCH-2440,7,434.99,378.25,378.25,2027-12-31
2523,2523,BATCH-2523,8,445.44,387.34,387.34,2027-12-31
522,522,BATCH-522,4,215.48,187.37,187.37,2027-12-31
521,521,BATCH-521,4,299.99,260.86,260.86,2027-12-31
3348,3348,BATCH-3348,10,754.14,655.77,655.77,2027-12-31
2934,2934,BATCH-2934,5,192.85,167.7,167.7,2027-12-31
2917,2917,BATCH-2917,2,237.36,206.4,206.4,2027-12-31
408,408,BATCH-408,24,233.76,203.27,203.27,2027-12-31
64,64,BATCH-64,6,158.7,138.0,138.0,2027-12-31
70,70,BATCH-70,14,117.3,102.0,102.0,2027-12-31
222,222,BATCH-222,54,75.9,66.0,66.0,2027-12-31
73,73,BATCH-73,10,94.71,82.36,82.36,2027-12-31
309,309,BATCH-309,62,72.14,62.73,62.73,2027-12-31
489,489,BATCH-489,27,123.43,107.33,107.33,2027-12-31
11,11,BATCH-11,27,16.71,14.53,14.53,2027-12-31
602,602,BATCH-602,20,146.37,127.28,127.28,2027-12-31
4750,4750,BATCH-4750,33,221.39,192.51,192.51,2027-12-31
7,7,BATCH-7,21,54.71,47.57,47.57,2027-12-31
26,26,BATCH-26,25,148.49,129.12,129.12,2027-12-31
234,234,BATCH-234,198,45.61,39.66,39.66,2027-12-31
181,181,BATCH-181,3,205.82,178.97,178.97,2027-12-31
4034,4034,BATCH-4034,3,937.05,814.83,814.83,2027-12-31
242,242,BATCH-242,252,2.62,2.28,2.28,2027-12-31
2867,2867,BATCH-2867,180,4.34,3.77,3.77,2027-12-31
24,24,BATCH-24,26,141.43,122.98,122.98,2027-12-31
12,12,BATCH-12,280,2.98,2.59,2.59,2027-12-31
77,77,BATCH-77,5,59.8,52.0,52.0,2027-12-31
152,152,BATCH-152,8,82.8,72.0,72.0,2027-12-31
5134,5134,BATCH-5134,1,32.2,28.0,28.0,2027-12-31
98,98,BATCH-98,31,143.75,125.0,125.0,2027-12-31
245,245,BATCH-245,5,50.26,43.7,43.7,2027-12-31
5409,5409,BATCH-5409,1,89.7,78.0,78.0,2027-12-31
5109,5109,BATCH-5109,25,115.0,100.0,100.0,2027-12-31
188,188,BATCH-188,5,79.66,69.27,69.27,2027-12-31
187,187,BATCH-187,107,136.79,118.95,118.95,2027-12-31
9,9,BATCH-9,7,194.64,169.25,169.25,2027-12-31
236,236,BATCH-236,5,158.29,137.64,137.64,2027-12-31
237,237,BATCH-237,4,41.32,35.93,35.93,2027-12-31
2483,2483,BATCH-2483,25,140.05,121.78,121.78,2027-12-31
274,274,BATCH-274,135,58.74,51.08,51.08,2027-12-31
2854,2854,BATCH-2854,5,140.23,121.94,121.94,2027-12-31
1875,1875,BATCH-1875,2,144.2,125.39,125.39,2027-12-31
186,186,BATCH-186,59,107.52,93.5,93.5,2027-12-31
308,308,BATCH-308,3,148.58,129.2,129.2,2027-12-31
344,344,BATCH-344,116,10.0,8.7,8.7,2027-12-31
107,107,BATCH-107,5,16.67,14.5,14.5,2027-12-31
141,141,BATCH-141,9,155.25,135.0,135.0,2027-12-31
224,224,BATCH-224,22,103.5,90.0,90.0,2027-12-31
113,113,BATCH-113,105,20.7,18.0,18.0,2027-12-31
124,124,BATCH-124,35,48.3,42.0,42.0,2027-12-31
2728,2728,BATCH-2728,38,36.8,32.0,32.0,2027-12-31
2862,2862,BATCH-2862,12,120.96,105.18,105.18,2027-12-31
2863,2863,BATCH-2863,18,125.8,109.39,109.39,2027-12-31
544,544,BATCH-544,18,97.23,84.55,84.55,2027-12-31
10,10,BATCH-10,6,98.92,86.02,86.02,2027-12-31
539,539,BATCH-539,26,134.89,117.3,117.3,2027-12-31
456,456,BATCH-456,89,88.94,77.34,77.34,2027-12-31
2823,2823,BATCH-2823,10,157.32,136.8,136.8,2027-12-31
45,45,BATCH-45,47,170.21,148.01,148.01,2027-12-31
3860,3860,BATCH-3860,12,155.55,135.26,135.26,2027-12-31
2609,2609,BATCH-2609,62,91.0,79.13,79.13,2027-12-31
134,134,BATCH-134,89,31.62,27.5,27.5,2027-12-31
5232,5232,BATCH-5232,11,46.0,40.0,40.0,2027-12-31
2439,2439,BATCH-2439,190,19.09,16.6,16.6,2027-12-31
153,153,BATCH-153,25,47.72,41.5,41.5,2027-12-31
4403,4403,BATCH-4403,9,41.18,35.81,35.81,2027-12-31
4082,4082,BATCH-4082,3,63.88,55.55,55.55,2027-12-31
4091,4091,BATCH-4091,13,134.11,116.62,116.62,2027-12-31
13,13,BATCH-13,99,21.27,18.5,18.5,2027-12-31
5220,5220,BATCH-5220,3,494.5,430.0,430.0,2027-12-31
247,247,BATCH-247,3,675.44,587.34,587.34,2027-12-31
2438,2438,BATCH-2438,2,345.32,300.28,300.28,2027-12-31
1681,1681,BATCH-1681,211,38.52,33.5,33.5,2027-12-31
524,524,BATCH-524,2,374.03,325.24,325.24,2027-12-31
5356,5356,BATCH-5356,140,20.35,17.7,17.7,2027-12-31
4669,4669,BATCH-4669,20,120.75,105.0,105.0,2027-12-31
2814,2814,BATCH-2814,10,80.5,70.0,70.0,2027-12-31
155,155,BATCH-155,34,69.0,60.0,60.0,2027-12-31
4042,4042,BATCH-4042,82,21.27,18.5,18.5,2027-12-31
208,208,BATCH-208,56,23.76,20.66,20.66,2027-12-31
